model_name,timestamp,test_auc,test_accuracy,test_precision,test_recall,test_f1,predicted_positives,true_positives,correct_positives,total_patients,hidden_dim,num_layers,learning_rate,drop_out,total_epochs,optimizer_type,pos_weight,model_description,device,total_params
model_000_h64_numl2_lr0.0001_drop0_limited_pat_emb,2025-08-29T00:16:10.623173,0.6546706989247312,0.4820143884892086,0.1459627329192546,0.7833333333333333,0.2460732984293193,322,60.0,47,556,64,2,0.0001,0.0,1000,adam,7.6875,limited_pat_emb,cpu,100545
model_001_h64_numl2_lr0.001_drop0_limited_pat_emb,2025-08-29T00:16:24.036969,0.690893817204301,0.6474820143884892,0.1880733944954128,0.6833333333333333,0.2949640287769784,218,60.0,41,556,64,2,0.001,0.0,1000,adam,7.6875,limited_pat_emb,cpu,100545
model_002_h64_numl2_lr0.0001_drop0.1_limited_pat_emb,2025-08-29T00:16:35.418788,0.6933131720430107,0.6312949640287769,0.1806167400881057,0.6833333333333333,0.2857142857142857,227,60.0,41,556,64,2,0.0001,0.1,1000,adam,7.6875,limited_pat_emb,cpu,100545
model_003_h64_numl2_lr0.001_drop0.1_limited_pat_emb,2025-08-29T00:16:37.505640,0.6720430107526881,0.4928057553956834,0.1464968152866242,0.7666666666666667,0.2459893048128342,314,60.0,46,556,64,2,0.001,0.1,1000,adam,7.6875,limited_pat_emb,cpu,100545
model_004_h64_numl2_lr0.0001_drop0.3_limited_pat_emb,2025-08-29T00:16:40.448619,0.6725134408602151,0.5197841726618705,0.1491525423728813,0.7333333333333333,0.2478873239436619,295,60.0,44,556,64,2,0.0001,0.3,1000,adam,7.6875,limited_pat_emb,cpu,100545
model_005_h64_numl2_lr0.001_drop0.3_limited_pat_emb,2025-08-29T00:16:42.177876,0.6826948924731182,0.39568345323741,0.1387434554973822,0.8833333333333333,0.2398190045248868,382,60.0,53,556,64,2,0.001,0.3,1000,adam,7.6875,limited_pat_emb,cpu,100545
model_006_h64_numl2_lr0.0001_drop0.5_limited_pat_emb,2025-08-29T00:16:56.304032,0.692372311827957,0.6241007194244604,0.1746724890829694,0.6666666666666666,0.2768166089965397,229,60.0,40,556,64,2,0.0001,0.5,1000,adam,7.6875,limited_pat_emb,cpu,100545
model_007_h64_numl2_lr0.001_drop0.5_limited_pat_emb,2025-08-29T00:16:57.822545,0.6481518817204301,0.4406474820143884,0.1404011461318051,0.8166666666666667,0.2396088019559902,349,60.0,49,556,64,2,0.001,0.5,1000,adam,7.6875,limited_pat_emb,cpu,100545
model_008_h64_numl3_lr0.0001_drop0_limited_pat_emb,2025-08-29T00:17:00.205491,0.6226478494623656,0.4766187050359712,0.1446153846153846,0.7833333333333333,0.2441558441558441,325,60.0,47,556,64,3,0.0001,0.0,1000,adam,7.6875,limited_pat_emb,cpu,150209
model_009_h64_numl3_lr0.001_drop0_limited_pat_emb,2025-08-29T00:17:02.144998,0.5537970430107527,0.8705035971223022,0.125,0.0333333333333333,0.0526315789473684,16,60.0,2,556,64,3,0.001,0.0,1000,adam,7.6875,limited_pat_emb,cpu,150209
model_010_h64_numl3_lr0.0001_drop0.1_limited_pat_emb,2025-08-29T00:17:05.890485,0.6362231182795699,0.447841726618705,0.1378299120234604,0.7833333333333333,0.2344139650872817,341,60.0,47,556,64,3,0.0001,0.1,1000,adam,7.6875,limited_pat_emb,cpu,150209
model_011_h64_numl3_lr0.001_drop0.1_limited_pat_emb,2025-08-29T00:17:15.688142,0.6703965053763441,0.6223021582733813,0.1710526315789473,0.65,0.2708333333333333,228,60.0,39,556,64,3,0.001,0.1,1000,adam,7.6875,limited_pat_emb,cpu,150209
model_012_h64_numl3_lr0.0001_drop0.3_limited_pat_emb,2025-08-29T00:17:20.277028,0.6436155913978495,0.5809352517985612,0.1581027667984189,0.6666666666666666,0.255591054313099,253,60.0,40,556,64,3,0.0001,0.3,1000,adam,7.6875,limited_pat_emb,cpu,150209
model_013_h64_numl3_lr0.001_drop0.3_limited_pat_emb,2025-08-29T00:17:21.997068,0.6019825268817204,0.3974820143884892,0.131367292225201,0.8166666666666667,0.2263279445727482,373,60.0,49,556,64,3,0.001,0.3,1000,adam,7.6875,limited_pat_emb,cpu,150209
model_014_h64_numl3_lr0.0001_drop0.5_limited_pat_emb,2025-08-29T00:17:24.965806,0.5724126344086021,0.4190647482014388,0.1337047353760445,0.8,0.2291169451073985,359,60.0,48,556,64,3,0.0001,0.5,1000,adam,7.6875,limited_pat_emb,cpu,150209
model_015_h64_numl3_lr0.001_drop0.5_limited_pat_emb,2025-08-29T00:17:32.357696,0.6657594086021505,0.6348920863309353,0.1822222222222222,0.6833333333333333,0.287719298245614,225,60.0,41,556,64,3,0.001,0.5,1000,adam,7.6875,limited_pat_emb,cpu,150209
model_016_h128_numl2_lr0.0001_drop0_limited_pat_emb,2025-08-29T00:17:43.984133,0.6934811827956988,0.6187050359712231,0.1752136752136752,0.6833333333333333,0.2789115646258503,234,60.0,41,556,128,2,0.0001,0.0,1000,adam,7.6875,limited_pat_emb,cpu,397697
model_017_h128_numl2_lr0.001_drop0_limited_pat_emb,2025-08-29T00:18:03.646727,0.69559811827957,0.6690647482014388,0.196078431372549,0.6666666666666666,0.303030303030303,204,60.0,40,556,128,2,0.001,0.0,1000,adam,7.6875,limited_pat_emb,cpu,397697
model_018_h128_numl2_lr0.0001_drop0.1_limited_pat_emb,2025-08-29T00:18:05.958077,0.6754032258064516,0.3579136690647482,0.1369193154034229,0.9333333333333332,0.2388059701492537,409,60.0,56,556,128,2,0.0001,0.1,1000,adam,7.6875,limited_pat_emb,cpu,397697
model_019_h128_numl2_lr0.001_drop0.1_limited_pat_emb,2025-08-29T00:18:07.980357,0.6210349462365592,0.8633093525179856,0.0555555555555555,0.0166666666666666,0.0256410256410256,18,60.0,1,556,128,2,0.001,0.1,1000,adam,7.6875,limited_pat_emb,cpu,397697
model_020_h128_numl2_lr0.0001_drop0.3_limited_pat_emb,2025-08-29T00:18:11.932888,0.6841061827956988,0.4658273381294964,0.1504424778761062,0.85,0.2556390977443609,339,60.0,51,556,128,2,0.0001,0.3,1000,adam,7.6875,limited_pat_emb,cpu,397697
model_021_h128_numl2_lr0.001_drop0.3_limited_pat_emb,2025-08-29T00:18:13.682465,0.6031586021505375,0.8902877697841727,0.0,0.0,0.0,1,60.0,0,556,128,2,0.001,0.3,1000,adam,7.6875,limited_pat_emb,cpu,397697
model_022_h128_numl2_lr0.0001_drop0.5_limited_pat_emb,2025-08-29T00:18:15.931806,0.5722782258064515,0.3830935251798561,0.1305483028720626,0.8333333333333334,0.2257336343115124,383,60.0,50,556,128,2,0.0001,0.5,1000,adam,7.6875,limited_pat_emb,cpu,397697
model_023_h128_numl2_lr0.001_drop0.5_limited_pat_emb,2025-08-29T00:18:19.190331,0.6599126344086022,0.6798561151079137,0.1894736842105263,0.6,0.288,190,60.0,36,556,128,2,0.001,0.5,1000,adam,7.6875,limited_pat_emb,cpu,397697
model_024_h128_numl3_lr0.0001_drop0_limited_pat_emb,2025-08-29T00:18:37.109334,0.6768145161290322,0.6474820143884892,0.1851851851851851,0.6666666666666666,0.289855072463768,216,60.0,40,556,128,3,0.0001,0.0,1000,adam,7.6875,limited_pat_emb,cpu,595329
model_025_h128_numl3_lr0.001_drop0_limited_pat_emb,2025-08-29T00:18:39.672974,0.6294018817204302,0.5863309352517986,0.157258064516129,0.65,0.2532467532467533,248,60.0,39,556,128,3,0.001,0.0,1000,adam,7.6875,limited_pat_emb,cpu,595329
model_026_h128_numl3_lr0.0001_drop0.1_limited_pat_emb,2025-08-29T00:18:51.147765,0.6729502688172042,0.64568345323741,0.1813953488372093,0.65,0.2836363636363636,215,60.0,39,556,128,3,0.0001,0.1,1000,adam,7.6875,limited_pat_emb,cpu,595329
model_027_h128_numl3_lr0.001_drop0.1_limited_pat_emb,2025-08-29T00:18:55.784225,0.6137768817204301,0.4946043165467625,0.1377049180327869,0.7,0.2301369863013698,305,60.0,42,556,128,3,0.001,0.1,1000,adam,7.6875,limited_pat_emb,cpu,595329
model_028_h128_numl3_lr0.0001_drop0.3_limited_pat_emb,2025-08-29T00:19:05.915402,0.6766801075268818,0.5953237410071942,0.1713147410358565,0.7166666666666667,0.2765273311897106,251,60.0,43,556,128,3,0.0001,0.3,1000,adam,7.6875,limited_pat_emb,cpu,595329
model_029_h128_numl3_lr0.001_drop0.3_limited_pat_emb,2025-08-29T00:19:10.032978,0.6005040322580645,0.4406474820143884,0.1341107871720116,0.7666666666666667,0.228287841191067,343,60.0,46,556,128,3,0.001,0.3,1000,adam,7.6875,limited_pat_emb,cpu,595329
model_030_h128_numl3_lr0.0001_drop0.5_limited_pat_emb,2025-08-29T00:19:12.416772,0.640356182795699,0.6996402877697842,0.1677018633540372,0.45,0.2443438914027149,161,60.0,27,556,128,3,0.0001,0.5,1000,adam,7.6875,limited_pat_emb,cpu,595329
model_031_h128_numl3_lr0.001_drop0.5_limited_pat_emb,2025-08-29T00:19:20.384811,0.6409610215053763,0.8165467625899281,0.1379310344827586,0.1333333333333333,0.135593220338983,58,60.0,8,556,128,3,0.001,0.5,1000,adam,7.6875,limited_pat_emb,cpu,595329
model_000_h64_numl2_lr0.0001_drop0_limited_combined_emb,2025-08-29T00:20:46.339458,0.6717405913978495,0.5449640287769785,0.1565836298932384,0.7333333333333333,0.2580645161290322,281,60.0,44,556,64,2,0.0001,0.0,1000,adam,7.6875,limited_combined_emb,cpu,100673
model_001_h64_numl2_lr0.001_drop0_limited_combined_emb,2025-08-29T00:20:48.832886,0.6671370967741935,0.4730215827338129,0.1501501501501501,0.8333333333333334,0.2544529262086514,333,60.0,50,556,64,2,0.001,0.0,1000,adam,7.6875,limited_combined_emb,cpu,100673
model_002_h64_numl2_lr0.0001_drop0.1_limited_combined_emb,2025-08-29T00:20:50.544712,0.513508064516129,0.1510791366906475,0.1098484848484848,0.9666666666666668,0.1972789115646258,528,60.0,58,556,64,2,0.0001,0.1,1000,adam,7.6875,limited_combined_emb,cpu,100673
model_003_h64_numl2_lr0.001_drop0.1_limited_combined_emb,2025-08-29T00:20:54.632925,0.6714045698924731,0.4532374100719424,0.1473988439306358,0.85,0.2512315270935961,346,60.0,51,556,64,2,0.001,0.1,1000,adam,7.6875,limited_combined_emb,cpu,100673
model_004_h64_numl2_lr0.0001_drop0.3_limited_combined_emb,2025-08-29T00:20:57.289798,0.6599462365591398,0.420863309352518,0.1340782122905028,0.8,0.2296650717703349,358,60.0,48,556,64,2,0.0001,0.3,1000,adam,7.6875,limited_combined_emb,cpu,100673
model_005_h64_numl2_lr0.001_drop0.3_limited_combined_emb,2025-08-29T00:21:06.805210,0.695497311827957,0.6492805755395683,0.1889400921658986,0.6833333333333333,0.296028880866426,217,60.0,41,556,64,2,0.001,0.3,1000,adam,7.6875,limited_combined_emb,cpu,100673
model_006_h64_numl2_lr0.0001_drop0.5_limited_combined_emb,2025-08-29T00:21:08.706718,0.4480846774193548,0.6241007194244604,0.0538922155688622,0.15,0.079295154185022,167,60.0,9,556,64,2,0.0001,0.5,1000,adam,7.6875,limited_combined_emb,cpu,100673
model_007_h64_numl2_lr0.001_drop0.5_limited_combined_emb,2025-08-29T00:21:11.729805,0.6856182795698924,0.6690647482014388,0.193069306930693,0.65,0.2977099236641221,202,60.0,39,556,64,2,0.001,0.5,1000,adam,7.6875,limited_combined_emb,cpu,100673
model_008_h64_numl3_lr0.0001_drop0_limited_combined_emb,2025-08-29T00:21:13.489861,0.6177083333333333,0.5989208633093526,0.1531914893617021,0.6,0.2440677966101695,235,60.0,36,556,64,3,0.0001,0.0,1000,adam,7.6875,limited_combined_emb,cpu,150337
model_009_h64_numl3_lr0.001_drop0_limited_combined_emb,2025-08-29T00:21:24.772689,0.6784610215053763,0.6276978417266187,0.1818181818181818,0.7,0.2886597938144329,231,60.0,42,556,64,3,0.001,0.0,1000,adam,7.6875,limited_combined_emb,cpu,150337
model_010_h64_numl3_lr0.0001_drop0.1_limited_combined_emb,2025-08-29T00:21:27.760867,0.553024193548387,0.2535971223021582,0.1247357293868921,0.9833333333333332,0.2213883677298311,473,60.0,59,556,64,3,0.0001,0.1,1000,adam,7.6875,limited_combined_emb,cpu,150337
model_011_h64_numl3_lr0.001_drop0.1_limited_combined_emb,2025-08-29T00:21:33.462571,0.6461357526881721,0.4424460431654676,0.1387283236994219,0.8,0.2364532019704433,346,60.0,48,556,64,3,0.001,0.1,1000,adam,7.6875,limited_combined_emb,cpu,150337
model_012_h64_numl3_lr0.0001_drop0.3_limited_combined_emb,2025-08-29T00:21:37.265873,0.6038306451612904,0.4298561151079136,0.1231671554252199,0.7,0.2094763092269326,341,60.0,42,556,64,3,0.0001,0.3,1000,adam,7.6875,limited_combined_emb,cpu,150337
model_013_h64_numl3_lr0.001_drop0.3_limited_combined_emb,2025-08-29T00:21:43.443287,0.6662298387096774,0.6007194244604317,0.1680327868852459,0.6833333333333333,0.2697368421052631,244,60.0,41,556,64,3,0.001,0.3,1000,adam,7.6875,limited_combined_emb,cpu,150337
model_014_h64_numl3_lr0.0001_drop0.5_limited_combined_emb,2025-08-29T00:21:58.733843,0.6684475806451613,0.6528776978417267,0.1724137931034483,0.5833333333333334,0.2661596958174905,203,60.0,35,556,64,3,0.0001,0.5,1000,adam,7.6875,limited_combined_emb,cpu,150337
model_015_h64_numl3_lr0.001_drop0.5_limited_combined_emb,2025-08-29T00:22:02.362058,0.6650201612903226,0.4784172661870504,0.1450617283950617,0.7833333333333333,0.2447916666666666,324,60.0,47,556,64,3,0.001,0.5,1000,adam,7.6875,limited_combined_emb,cpu,150337
model_016_h128_numl2_lr0.0001_drop0_limited_combined_emb,2025-08-29T00:22:18.086488,0.6980510752688173,0.6420863309352518,0.1883408071748878,0.7,0.2968197879858656,223,60.0,42,556,128,2,0.0001,0.0,1000,adam,7.6875,limited_combined_emb,cpu,397953
model_017_h128_numl2_lr0.001_drop0_limited_combined_emb,2025-08-29T00:22:20.758760,0.605241935483871,0.8920863309352518,0.0,0.0,0.0,0,60.0,0,556,128,2,0.001,0.0,1000,adam,7.6875,limited_combined_emb,cpu,397953
model_018_h128_numl2_lr0.0001_drop0.1_limited_combined_emb,2025-08-29T00:22:23.583745,0.6078629032258065,0.4766187050359712,0.1356466876971608,0.7166666666666667,0.2281167108753315,317,60.0,43,556,128,2,0.0001,0.1,1000,adam,7.6875,limited_combined_emb,cpu,397953
model_019_h128_numl2_lr0.001_drop0.1_limited_combined_emb,2025-08-29T00:22:25.839746,0.6133064516129032,0.1079136690647482,0.1079136690647482,1.0,0.1948051948051948,556,60.0,60,556,128,2,0.001,0.1,1000,adam,7.6875,limited_combined_emb,cpu,397953
model_020_h128_numl2_lr0.0001_drop0.3_limited_combined_emb,2025-08-29T00:22:54.597992,0.6909946236559139,0.6636690647482014,0.1902439024390244,0.65,0.2943396226415094,205,60.0,39,556,128,2,0.0001,0.3,1000,adam,7.6875,limited_combined_emb,cpu,397953
model_021_h128_numl2_lr0.001_drop0.3_limited_combined_emb,2025-08-29T00:22:57.076166,0.5485215053763441,0.3453237410071942,0.12,0.8,0.208695652173913,400,60.0,48,556,128,2,0.001,0.3,1000,adam,7.6875,limited_combined_emb,cpu,397953
model_022_h128_numl2_lr0.0001_drop0.5_limited_combined_emb,2025-08-29T00:23:12.691150,0.6852822580645163,0.6960431654676259,0.192090395480226,0.5666666666666667,0.2869198312236287,177,60.0,34,556,128,2,0.0001,0.5,1000,adam,7.6875,limited_combined_emb,cpu,397953
model_023_h128_numl2_lr0.001_drop0.5_limited_combined_emb,2025-08-29T00:23:26.624410,0.7030913978494624,0.6384892086330936,0.1921397379912663,0.7333333333333333,0.3044982698961938,229,60.0,44,556,128,2,0.001,0.5,1000,adam,7.6875,limited_combined_emb,cpu,397953
model_024_h128_numl3_lr0.0001_drop0_limited_combined_emb,2025-08-29T00:23:30.364449,0.6638104838709677,0.5701438848920863,0.1622641509433962,0.7166666666666667,0.2646153846153846,265,60.0,43,556,128,3,0.0001,0.0,1000,adam,7.6875,limited_combined_emb,cpu,595585
model_025_h128_numl3_lr0.001_drop0_limited_combined_emb,2025-08-29T00:23:33.195609,0.6204637096774194,0.4676258992805755,0.1424242424242424,0.7833333333333333,0.241025641025641,330,60.0,47,556,128,3,0.001,0.0,1000,adam,7.6875,limited_combined_emb,cpu,595585
model_026_h128_numl3_lr0.0001_drop0.1_limited_combined_emb,2025-08-29T00:23:39.000081,0.6443212365591398,0.6115107913669064,0.1637931034482758,0.6333333333333333,0.2602739726027397,232,60.0,38,556,128,3,0.0001,0.1,1000,adam,7.6875,limited_combined_emb,cpu,595585
model_027_h128_numl3_lr0.001_drop0.1_limited_combined_emb,2025-08-29T00:23:41.360582,0.6197244623655913,0.4172661870503597,0.1312849162011173,0.7833333333333333,0.2248803827751196,358,60.0,47,556,128,3,0.001,0.1,1000,adam,7.6875,limited_combined_emb,cpu,595585
model_028_h128_numl3_lr0.0001_drop0.3_limited_combined_emb,2025-08-29T00:23:48.921000,0.6673051075268818,0.6366906474820144,0.1682242990654205,0.6,0.2627737226277372,214,60.0,36,556,128,3,0.0001,0.3,1000,adam,7.6875,limited_combined_emb,cpu,595585
model_029_h128_numl3_lr0.001_drop0.3_limited_combined_emb,2025-08-29T00:23:53.320021,0.6484543010752688,0.5161870503597122,0.1433447098976109,0.7,0.2379603399433427,293,60.0,42,556,128,3,0.001,0.3,1000,adam,7.6875,limited_combined_emb,cpu,595585
model_030_h128_numl3_lr0.0001_drop0.5_limited_combined_emb,2025-08-29T00:23:57.052888,0.6226478494623656,0.3255395683453237,0.1311475409836065,0.9333333333333332,0.2299794661190965,427,60.0,56,556,128,3,0.0001,0.5,1000,adam,7.6875,limited_combined_emb,cpu,595585
model_031_h128_numl3_lr0.001_drop0.5_limited_combined_emb,2025-08-29T00:24:00.560422,0.6251008064516129,0.4010791366906475,0.1320754716981132,0.8166666666666667,0.2273781902552204,371,60.0,49,556,128,3,0.001,0.5,1000,adam,7.6875,limited_combined_emb,cpu,595585
model_000_h64_numl2_lr0.0001_drop0_extended_pat_emb,2025-08-29T00:27:41.600272,0.8294354838709678,0.7356115107913669,0.2622950819672131,0.8,0.3950617283950617,183,60.0,48,556,64,2,0.0001,0.0,1000,adam,7.6875,extended_pat_emb,cpu,101185
model_001_h64_numl2_lr0.001_drop0_extended_pat_emb,2025-08-29T00:27:43.104127,0.7981182795698925,0.5575539568345323,0.1770833333333333,0.85,0.293103448275862,288,60.0,51,556,64,2,0.001,0.0,1000,adam,7.6875,extended_pat_emb,cpu,101185
model_002_h64_numl2_lr0.0001_drop0.1_extended_pat_emb,2025-08-29T00:27:45.077726,0.808266129032258,0.7949640287769785,0.3071428571428571,0.7166666666666667,0.43,140,60.0,43,556,64,2,0.0001,0.1,1000,adam,7.6875,extended_pat_emb,cpu,101185
model_003_h64_numl2_lr0.001_drop0.1_extended_pat_emb,2025-08-29T00:27:47.491623,0.8512432795698925,0.8471223021582733,0.3737373737373737,0.6166666666666667,0.4654088050314466,99,60.0,37,556,64,2,0.001,0.1,1000,adam,7.6875,extended_pat_emb,cpu,101185
model_004_h64_numl2_lr0.0001_drop0.3_extended_pat_emb,2025-08-29T00:27:52.286393,0.8467069892473118,0.7949640287769785,0.3125,0.75,0.4411764705882353,144,60.0,45,556,64,2,0.0001,0.3,1000,adam,7.6875,extended_pat_emb,cpu,101185
model_005_h64_numl2_lr0.001_drop0.3_extended_pat_emb,2025-08-29T00:27:53.791343,0.8671706989247312,0.8201438848920863,0.34375,0.7333333333333333,0.4680851063829787,128,60.0,44,556,64,2,0.001,0.3,1000,adam,7.6875,extended_pat_emb,cpu,101185
model_006_h64_numl2_lr0.0001_drop0.5_extended_pat_emb,2025-08-29T00:27:58.859207,0.810853494623656,0.7589928057553957,0.2797619047619047,0.7833333333333333,0.4122807017543859,168,60.0,47,556,64,2,0.0001,0.5,1000,adam,7.6875,extended_pat_emb,cpu,101185
model_007_h64_numl2_lr0.001_drop0.5_extended_pat_emb,2025-08-29T00:28:00.474301,0.8607526881720431,0.802158273381295,0.323943661971831,0.7666666666666667,0.4554455445544555,142,60.0,46,556,64,2,0.001,0.5,1000,adam,7.6875,extended_pat_emb,cpu,101185
model_008_h64_numl3_lr0.0001_drop0_extended_pat_emb,2025-08-29T00:28:04.686078,0.8482190860215053,0.7571942446043165,0.2781065088757396,0.7833333333333333,0.4104803493449781,169,60.0,47,556,64,3,0.0001,0.0,1000,adam,7.6875,extended_pat_emb,cpu,150849
model_009_h64_numl3_lr0.001_drop0_extended_pat_emb,2025-08-29T00:28:08.598673,0.8377688172043011,0.7535971223021583,0.28,0.8166666666666667,0.4170212765957447,175,60.0,49,556,64,3,0.001,0.0,1000,adam,7.6875,extended_pat_emb,cpu,150849
model_010_h64_numl3_lr0.0001_drop0.1_extended_pat_emb,2025-08-29T00:28:11.648570,0.8460349462365591,0.7697841726618705,0.2926829268292683,0.8,0.4285714285714285,164,60.0,48,556,64,3,0.0001,0.1,1000,adam,7.6875,extended_pat_emb,cpu,150849
model_011_h64_numl3_lr0.001_drop0.1_extended_pat_emb,2025-08-29T00:28:15.371532,0.8446236559139785,0.7553956834532374,0.2764705882352941,0.7833333333333333,0.408695652173913,170,60.0,47,556,64,3,0.001,0.1,1000,adam,7.6875,extended_pat_emb,cpu,150849
model_012_h64_numl3_lr0.0001_drop0.3_extended_pat_emb,2025-08-29T00:28:21.930848,0.8356518817204301,0.7715827338129496,0.294478527607362,0.8,0.4304932735426009,163,60.0,48,556,64,3,0.0001,0.3,1000,adam,7.6875,extended_pat_emb,cpu,150849
model_013_h64_numl3_lr0.001_drop0.3_extended_pat_emb,2025-08-29T00:28:25.678205,0.8441868279569893,0.7823741007194245,0.3057324840764331,0.8,0.4423963133640553,157,60.0,48,556,64,3,0.001,0.3,1000,adam,7.6875,extended_pat_emb,cpu,150849
model_014_h64_numl3_lr0.0001_drop0.5_extended_pat_emb,2025-08-29T00:28:32.097030,0.821505376344086,0.6960431654676259,0.2288557213930348,0.7666666666666667,0.3524904214559387,201,60.0,46,556,64,3,0.0001,0.5,1000,adam,7.6875,extended_pat_emb,cpu,150849
model_015_h64_numl3_lr0.001_drop0.5_extended_pat_emb,2025-08-29T00:28:35.432391,0.8641465053763441,0.7787769784172662,0.3067484662576687,0.8333333333333334,0.4484304932735425,163,60.0,50,556,64,3,0.001,0.5,1000,adam,7.6875,extended_pat_emb,cpu,150849
model_016_h128_numl2_lr0.0001_drop0_extended_pat_emb,2025-08-29T00:28:38.533465,0.8249327956989247,0.7302158273381295,0.2606382978723404,0.8166666666666667,0.3951612903225806,188,60.0,49,556,128,2,0.0001,0.0,1000,adam,7.6875,extended_pat_emb,cpu,398977
model_017_h128_numl2_lr0.001_drop0_extended_pat_emb,2025-08-29T00:28:42.567807,0.8582997311827957,0.7643884892086331,0.2947976878612717,0.85,0.4377682403433477,173,60.0,51,556,128,2,0.001,0.0,1000,adam,7.6875,extended_pat_emb,cpu,398977
model_018_h128_numl2_lr0.0001_drop0.1_extended_pat_emb,2025-08-29T00:28:45.363062,0.8591565860215054,0.8075539568345323,0.3233082706766917,0.7166666666666667,0.4455958549222797,133,60.0,43,556,128,2,0.0001,0.1,1000,adam,7.6875,extended_pat_emb,cpu,398977
model_019_h128_numl2_lr0.001_drop0.1_extended_pat_emb,2025-08-29T00:28:50.207645,0.8538978494623655,0.7266187050359713,0.27,0.9,0.4153846153846154,200,60.0,54,556,128,2,0.001,0.1,1000,adam,7.6875,extended_pat_emb,cpu,398977
model_020_h128_numl2_lr0.0001_drop0.3_extended_pat_emb,2025-08-29T00:28:53.125515,0.8476814516129032,0.7589928057553957,0.2823529411764706,0.8,0.417391304347826,170,60.0,48,556,128,2,0.0001,0.3,1000,adam,7.6875,extended_pat_emb,cpu,398977
model_021_h128_numl2_lr0.001_drop0.3_extended_pat_emb,2025-08-29T00:28:57.026018,0.8543682795698925,0.7733812949640287,0.2962962962962963,0.8,0.4324324324324324,162,60.0,48,556,128,2,0.001,0.3,1000,adam,7.6875,extended_pat_emb,cpu,398977
model_022_h128_numl2_lr0.0001_drop0.5_extended_pat_emb,2025-08-29T00:29:03.761588,0.860383064516129,0.7823741007194245,0.3032258064516129,0.7833333333333333,0.4372093023255814,155,60.0,47,556,128,2,0.0001,0.5,1000,adam,7.6875,extended_pat_emb,cpu,398977
model_023_h128_numl2_lr0.001_drop0.5_extended_pat_emb,2025-08-29T00:29:06.389622,0.8417338709677419,0.7661870503597122,0.2839506172839506,0.7666666666666667,0.4144144144144144,162,60.0,46,556,128,2,0.001,0.5,1000,adam,7.6875,extended_pat_emb,cpu,398977
model_024_h128_numl3_lr0.0001_drop0_extended_pat_emb,2025-08-29T00:29:12.922867,0.857358870967742,0.7841726618705036,0.3,0.75,0.4285714285714285,150,60.0,45,556,128,3,0.0001,0.0,1000,adam,7.6875,extended_pat_emb,cpu,596609
model_025_h128_numl3_lr0.001_drop0_extended_pat_emb,2025-08-29T00:29:17.039420,0.8372311827956989,0.7266187050359713,0.2553191489361702,0.8,0.3870967741935484,188,60.0,48,556,128,3,0.001,0.0,1000,adam,7.6875,extended_pat_emb,cpu,596609
model_026_h128_numl3_lr0.0001_drop0.1_extended_pat_emb,2025-08-29T00:29:21.800049,0.8220766129032258,0.8057553956834532,0.3235294117647059,0.7333333333333333,0.4489795918367347,136,60.0,44,556,128,3,0.0001,0.1,1000,adam,7.6875,extended_pat_emb,cpu,596609
model_027_h128_numl3_lr0.001_drop0.1_extended_pat_emb,2025-08-29T00:29:27.201848,0.8566868279569891,0.7464028776978417,0.2737430167597765,0.8166666666666667,0.4100418410041841,179,60.0,49,556,128,3,0.001,0.1,1000,adam,7.6875,extended_pat_emb,cpu,596609
model_028_h128_numl3_lr0.0001_drop0.3_extended_pat_emb,2025-08-29T00:29:35.143781,0.8717069892473118,0.7338129496402878,0.2659574468085106,0.8333333333333334,0.4032258064516129,188,60.0,50,556,128,3,0.0001,0.3,1000,adam,7.6875,extended_pat_emb,cpu,596609
model_029_h128_numl3_lr0.001_drop0.3_extended_pat_emb,2025-08-29T00:29:40.268081,0.8674731182795699,0.7571942446043165,0.2832369942196532,0.8166666666666667,0.4206008583690988,173,60.0,49,556,128,3,0.001,0.3,1000,adam,7.6875,extended_pat_emb,cpu,596609
model_030_h128_numl3_lr0.0001_drop0.5_extended_pat_emb,2025-08-29T00:29:45.725220,0.8444556451612903,0.7428057553956835,0.2707182320441988,0.8166666666666667,0.4066390041493776,181,60.0,49,556,128,3,0.0001,0.5,1000,adam,7.6875,extended_pat_emb,cpu,596609
model_031_h128_numl3_lr0.001_drop0.5_extended_pat_emb,2025-08-29T00:29:52.547696,0.8556451612903225,0.7464028776978417,0.2762430939226519,0.8333333333333334,0.4149377593360996,181,60.0,50,556,128,3,0.001,0.5,1000,adam,7.6875,extended_pat_emb,cpu,596609
model_000_h64_numl2_lr0.0001_drop0_extended_combined_emb,2025-08-29T00:31:53.542621,0.8064516129032258,0.7571942446043165,0.2641509433962264,0.7,0.3835616438356165,159,60.0,42,556,64,2,0.0001,0.0,1000,adam,7.6875,extended_combined_emb,cpu,101313
model_001_h64_numl2_lr0.001_drop0_extended_combined_emb,2025-08-29T00:31:57.220250,0.8731182795698924,0.7823741007194245,0.3081761006289308,0.8166666666666667,0.4474885844748858,159,60.0,49,556,64,2,0.001,0.0,1000,adam,7.6875,extended_combined_emb,cpu,101313
model_002_h64_numl2_lr0.0001_drop0.1_extended_combined_emb,2025-08-29T00:32:04.466245,0.8491263440860215,0.7769784172661871,0.2974683544303797,0.7833333333333333,0.4311926605504587,158,60.0,47,556,64,2,0.0001,0.1,1000,adam,7.6875,extended_combined_emb,cpu,101313
model_003_h64_numl2_lr0.001_drop0.1_extended_combined_emb,2025-08-29T00:32:08.243538,0.8733198924731183,0.762589928057554,0.3,0.9,0.45,180,60.0,54,556,64,2,0.001,0.1,1000,adam,7.6875,extended_combined_emb,cpu,101313
model_004_h64_numl2_lr0.0001_drop0.3_extended_combined_emb,2025-08-29T00:32:13.297584,0.8419690860215053,0.7967625899280576,0.3197278911564626,0.7833333333333333,0.4541062801932368,147,60.0,47,556,64,2,0.0001,0.3,1000,adam,7.6875,extended_combined_emb,cpu,101313
model_005_h64_numl2_lr0.001_drop0.3_extended_combined_emb,2025-08-29T00:32:15.777057,0.8642641129032258,0.8255395683453237,0.3418803418803419,0.6666666666666666,0.4519774011299435,117,60.0,40,556,64,2,0.001,0.3,1000,adam,7.6875,extended_combined_emb,cpu,101313
model_006_h64_numl2_lr0.0001_drop0.5_extended_combined_emb,2025-08-29T00:32:23.551884,0.8299395161290323,0.7805755395683454,0.3012820512820512,0.7833333333333333,0.4351851851851852,156,60.0,47,556,64,2,0.0001,0.5,1000,adam,7.6875,extended_combined_emb,cpu,101313
model_007_h64_numl2_lr0.001_drop0.5_extended_combined_emb,2025-08-29T00:32:26.819084,0.8547379032258065,0.7715827338129496,0.286624203821656,0.75,0.4147465437788019,157,60.0,45,556,64,2,0.001,0.5,1000,adam,7.6875,extended_combined_emb,cpu,101313
model_008_h64_numl3_lr0.0001_drop0_extended_combined_emb,2025-08-29T00:32:35.986003,0.8499663978494624,0.7697841726618705,0.2926829268292683,0.8,0.4285714285714285,164,60.0,48,556,64,3,0.0001,0.0,1000,adam,7.6875,extended_combined_emb,cpu,150977
model_009_h64_numl3_lr0.001_drop0_extended_combined_emb,2025-08-29T00:32:39.201450,0.8456989247311828,0.7571942446043165,0.2754491017964072,0.7666666666666667,0.4052863436123348,167,60.0,46,556,64,3,0.001,0.0,1000,adam,7.6875,extended_combined_emb,cpu,150977
model_010_h64_numl3_lr0.0001_drop0.1_extended_combined_emb,2025-08-29T00:32:47.096545,0.8304099462365591,0.7715827338129496,0.2781456953642384,0.7,0.3981042654028435,151,60.0,42,556,64,3,0.0001,0.1,1000,adam,7.6875,extended_combined_emb,cpu,150977
model_011_h64_numl3_lr0.001_drop0.1_extended_combined_emb,2025-08-29T00:32:51.630014,0.8494623655913979,0.7643884892086331,0.2923976608187134,0.8333333333333334,0.4329004329004328,171,60.0,50,556,64,3,0.001,0.1,1000,adam,7.6875,extended_combined_emb,cpu,150977
model_012_h64_numl3_lr0.0001_drop0.3_extended_combined_emb,2025-08-29T00:33:02.472375,0.8367943548387097,0.7769784172661871,0.2894736842105263,0.7333333333333333,0.4150943396226416,152,60.0,44,556,64,3,0.0001,0.3,1000,adam,7.6875,extended_combined_emb,cpu,150977
model_013_h64_numl3_lr0.001_drop0.3_extended_combined_emb,2025-08-29T00:33:08.568340,0.8588037634408602,0.7661870503597122,0.2965116279069767,0.85,0.4396551724137931,172,60.0,51,556,64,3,0.001,0.3,1000,adam,7.6875,extended_combined_emb,cpu,150977
model_014_h64_numl3_lr0.0001_drop0.5_extended_combined_emb,2025-08-29T00:33:17.849607,0.83565188172043,0.7697841726618705,0.2926829268292683,0.8,0.4285714285714285,164,60.0,48,556,64,3,0.0001,0.5,1000,adam,7.6875,extended_combined_emb,cpu,150977
model_015_h64_numl3_lr0.001_drop0.5_extended_combined_emb,2025-08-29T00:33:23.576672,0.8564180107526881,0.7410071942446043,0.2666666666666666,0.8,0.4,180,60.0,48,556,64,3,0.001,0.5,1000,adam,7.6875,extended_combined_emb,cpu,150977
model_016_h128_numl2_lr0.0001_drop0_extended_combined_emb,2025-08-29T00:33:32.909949,0.8539650537634409,0.7571942446043165,0.2832369942196532,0.8166666666666667,0.4206008583690988,173,60.0,49,556,128,2,0.0001,0.0,1000,adam,7.6875,extended_combined_emb,cpu,399233
model_017_h128_numl2_lr0.001_drop0_extended_combined_emb,2025-08-29T00:33:36.838691,0.8369287634408601,0.7571942446043165,0.2781065088757396,0.7833333333333333,0.4104803493449781,169,60.0,47,556,128,2,0.001,0.0,1000,adam,7.6875,extended_combined_emb,cpu,399233
model_018_h128_numl2_lr0.0001_drop0.1_extended_combined_emb,2025-08-29T00:33:40.192166,0.8257056451612903,0.7715827338129496,0.2838709677419355,0.7333333333333333,0.4093023255813953,155,60.0,44,556,128,2,0.0001,0.1,1000,adam,7.6875,extended_combined_emb,cpu,399233
model_019_h128_numl2_lr0.001_drop0.1_extended_combined_emb,2025-08-29T00:33:45.973143,0.8734879032258065,0.762589928057554,0.293103448275862,0.85,0.4358974358974359,174,60.0,51,556,128,2,0.001,0.1,1000,adam,7.6875,extended_combined_emb,cpu,399233
model_020_h128_numl2_lr0.0001_drop0.3_extended_combined_emb,2025-08-29T00:33:54.763914,0.8684475806451613,0.7643884892086331,0.3016759776536313,0.9,0.4518828451882846,179,60.0,54,556,128,2,0.0001,0.3,1000,adam,7.6875,extended_combined_emb,cpu,399233
model_021_h128_numl2_lr0.001_drop0.3_extended_combined_emb,2025-08-29T00:34:00.885741,0.8589045698924731,0.762589928057554,0.293103448275862,0.85,0.4358974358974359,174,60.0,51,556,128,2,0.001,0.3,1000,adam,7.6875,extended_combined_emb,cpu,399233
model_022_h128_numl2_lr0.0001_drop0.5_extended_combined_emb,2025-08-29T00:34:06.174629,0.8536794354838709,0.7482014388489209,0.2752808988764045,0.8166666666666667,0.4117647058823528,178,60.0,49,556,128,2,0.0001,0.5,1000,adam,7.6875,extended_combined_emb,cpu,399233
model_023_h128_numl2_lr0.001_drop0.5_extended_combined_emb,2025-08-29T00:34:10.947898,0.8504368279569892,0.7877697841726619,0.3092105263157895,0.7833333333333333,0.4433962264150943,152,60.0,47,556,128,2,0.001,0.5,1000,adam,7.6875,extended_combined_emb,cpu,399233
model_024_h128_numl3_lr0.0001_drop0_extended_combined_emb,2025-08-29T00:34:18.142795,0.8575940860215054,0.7482014388489209,0.2674418604651162,0.7666666666666667,0.396551724137931,172,60.0,46,556,128,3,0.0001,0.0,1000,adam,7.6875,extended_combined_emb,cpu,596865
model_025_h128_numl3_lr0.001_drop0_extended_combined_emb,2025-08-29T00:34:21.791211,0.8223790322580644,0.7877697841726619,0.2957746478873239,0.7,0.4158415841584157,142,60.0,42,556,128,3,0.001,0.0,1000,adam,7.6875,extended_combined_emb,cpu,596865
model_026_h128_numl3_lr0.0001_drop0.1_extended_combined_emb,2025-08-29T00:34:29.220422,0.8487567204301075,0.75,0.281767955801105,0.85,0.4232365145228215,181,60.0,51,556,128,3,0.0001,0.1,1000,adam,7.6875,extended_combined_emb,cpu,596865
model_027_h128_numl3_lr0.001_drop0.1_extended_combined_emb,2025-08-29T00:34:34.787072,0.8557795698924732,0.7535971223021583,0.2774566473988439,0.8,0.4120171673819742,173,60.0,48,556,128,3,0.001,0.1,1000,adam,7.6875,extended_combined_emb,cpu,596865
model_028_h128_numl3_lr0.0001_drop0.3_extended_combined_emb,2025-08-29T00:34:42.993903,0.8564516129032258,0.7661870503597122,0.2916666666666667,0.8166666666666667,0.4298245614035088,168,60.0,49,556,128,3,0.0001,0.3,1000,adam,7.6875,extended_combined_emb,cpu,596865
model_029_h128_numl3_lr0.001_drop0.3_extended_combined_emb,2025-08-29T00:34:47.074490,0.8455981182795699,0.7410071942446043,0.2586206896551724,0.75,0.3846153846153847,174,60.0,45,556,128,3,0.001,0.3,1000,adam,7.6875,extended_combined_emb,cpu,596865
model_030_h128_numl3_lr0.0001_drop0.5_extended_combined_emb,2025-08-29T00:34:53.700998,0.862130376344086,0.789568345323741,0.3161290322580645,0.8166666666666667,0.455813953488372,155,60.0,49,556,128,3,0.0001,0.5,1000,adam,7.6875,extended_combined_emb,cpu,596865
model_031_h128_numl3_lr0.001_drop0.5_extended_combined_emb,2025-08-29T00:34:58.754037,0.8580981182795698,0.7733812949640287,0.3035714285714285,0.85,0.4473684210526316,168,60.0,51,556,128,3,0.001,0.5,1000,adam,7.6875,extended_combined_emb,cpu,596865
